create database lab2;

create table customers(
    customer_id INT primary key ,
    cust_name varchar(255),
    city varchar(255),
    grade int,
    salesman_id int
);

INSERT INTO customers (customer_id, cust_name, city, grade, salesman_id) VALUES
(3002, 'Nick Rimando', 'New York', 100, 5001),
(3005, 'Graham Zusi', 'California', 200, 5002),
(3001, 'Brad Guzan', 'London', 100, 5005),
(3004, 'Fabian Johns', 'Paris', 300, 5006),
(3007, 'Brad Davis', 'New York', 200, 5001),
(3009, 'Geoff Camero', 'Berlin', 100, 5003),
(3008, 'Julian Green', 'London', 300, 5002);

CREATE TABLE salesman (
    salesman_id INT PRIMARY KEY,
    name VARCHAR(50),
    city VARCHAR(50),
    commission DECIMAL(3, 2)
);

INSERT INTO salesman (salesman_id, name, city, commission) VALUES
(5001, 'James Hoog', 'New York', 0.15),
(5002, 'Nail Knite', 'Paris', 0.13),
(5005, 'Pit Alex', 'London', 0.11),
(5006, 'Mc Lyon', 'Paris', 0.14),
(5003, 'Lauson Hen', 'Berlin', 0.12),
(5007, 'Paul Adam', 'Rome', 0.13);

CREATE TABLE orders (
    ord_no INT PRIMARY KEY,
    purch_amt DECIMAL(10, 2),
    ord_date DATE,
    customer_id INT,
    salesman_id INT,
    FOREIGN KEY (customer_id) REFERENCES customers(customer_id),
    FOREIGN KEY (salesman_id) REFERENCES salesman(salesman_id)
);

INSERT INTO orders (ord_no, purch_amt, ord_date, customer_id, salesman_id) VALUES
(70001, 150.50, '2012-10-05', 3005, 5002),
(70009, 270.65, '2012-09-10', 3001, 5005),
(70002, 65.26, '2012-10-05', 3002, 5001),
(70004, 110.50, '2012-08-17', 3009, 5003),
(70007, 948.50, '2012-09-10', 3005, 5002),
(70005, 2400.60, '2012-07-27', 3007, 5001),
(70008, 5760.00, '2012-09-10', 3002, 5001);

select sum(orders.purch_amt) from orders;

select avg(orders.purch_amt) from orders;

select count(customers.cust_name) from customers

select min(orders.purch_amt) from orders

select * from customers where cust_name like '%b'

select * from orders left join customers c on c.customer_id = orders.customer_id
where c.city = 'New York'

select * from customers join orders on customers.customer_id = orders.customer_id
where orders.purch_amt > 10

select count(customers.grade) from customers

select * from customers where cust_name is not NULL

select max(customers.grade) from customers